ball,name,type,unit
A1,DNU,no_connect,6
A2,DNU,no_connect,6
A3,VSS,power_in,5
A4,VDD2,power_in,4
A5,ZQ,passive,3
A8,NC,no_connect,6
A9,VDD2,power_in,4
A10,VSS,power_in,5
A11,DNU,no_connect,6
A12,DNU,no_connect,6
B1,DNU,no_connect,6
B2,DQ0_a,bidirectional,1
B3,VDDQ,power_in,4
B4,DQ7_a,bidirectional,1
B5,VDDQ,power_in,4
B8,VDDQ,power_in,4
B9,DQ15_a,bidirectional,1
B10,VDDQ,power_in,4
B11,DQ8_a,bidirectional,1
B12,DNU,no_connect,6
C1,VSS,power_in,5
C2,DQ1_a,bidirectional,1
C3,DMI0_a,bidirectional,1
C4,DQ6_a,bidirectional,1
C5,VSS,power_in,5
C8,VSS,power_in,5
C9,DQ14_a,bidirectional,1
C10,DMI1_a,bidirectional,1
C11,DQ9_a,bidirectional,1
C12,VSS,power_in,5
D1,VDDQ,power_in,4
D2,VSS,power_in,5
D3,DQS_P0_a,bidirectional,1
D4,VSS,power_in,5
D5,VDDQ,power_in,4
D8,VDDQ,power_in,4
D9,VSS,power_in,5
D10,DQS_P1_a,bidirectional,1
D11,VSS,power_in,5
D12,VDDQ,power_in,4
E1,VSS,power_in,5
E2,DQ2_a,bidirectional,1
E3,DQS_N0_a,bidirectional,1
E4,DQ5_a,bidirectional,1
E5,VSS,power_in,5
E8,VSS,power_in,5
E9,DQ13_a,bidirectional,1
E10,DQS_N1_a,bidirectional,1
E11,DQ10_a,bidirectional,1
E12,VSS,power_in,5
F1,VDD1,power_in,4
F2,DQ3_a,bidirectional,1
F3,VDDQ,power_in,4
F4,DQ4_a,bidirectional,1
F5,VDD2,power_in,4
F8,VDD2,power_in,4
F9,DQ12_a,bidirectional,1
F10,VDDQ,power_in,4
F11,DQ11_a,bidirectional,1
F12,VDD1,power_in,4
G1,VSS,power_in,5
G2,ODT_CA_a,input,3
G3,VSS,power_in,5
G4,VDD1,power_in,4
G5,VSS,power_in,5
G8,VSS,power_in,5
G9,VDD1,power_in,4
G10,VSS,power_in,5
G11,NC,no_connect,6
G12,VSS,power_in,5
H1,VDD2,power_in,4
H2,CA0_a,input,3
H3,NC,no_connect,6
H4,CS_a,input,3
H5,VDD2,power_in,4
H8,VDD2,power_in,4
H9,CA2_a,input,3
H10,CA3_a,input,3
H11,CA4_a,input,3
H12,VDD2,power_in,4
J1,VSS,power_in,5
J2,CA1_a,input,3
J3,VSS,power_in,5
J4,CKE_a,input,3
J5,NC,no_connect,6
J8,CK_P_a,input,3
J9,CK_N_a,input,3
J10,VSS,power_in,5
J11,CA5_a,input,3
J12,VSS,power_in,5
K1,VDD2,power_in,4
K2,VSS,power_in,5
K3,VDD2,power_in,4
K4,VSS,power_in,5
K5,NC,no_connect,6
K8,NC,no_connect,6
K9,VSS,power_in,5
K10,VDD2,power_in,4
K11,VSS,power_in,5
K12,VDD2,power_in,4
N1,VDD2,power_in,4
N2,VSS,power_in,5
N3,VDD2,power_in,4
N4,VSS,power_in,5
N5,NC,no_connect,6
N8,NC,no_connect,6
N9,VSS,power_in,5
N10,VDD2,power_in,4
N11,VSS,power_in,5
N12,VDD2,power_in,4
P1,VSS,power_in,5
P2,CA1_b,input,3
P3,VSS,power_in,5
P4,CKE_b,input,3
P5,NC,no_connect,6
P8,CK_P_b,input,3
P9,CK_N_b,input,3
P10,VSS,power_in,5
P11,CA5_b,input,3
P12,VSS,power_in,5
R1,VDD2,power_in,4
R2,CA0_b,input,3
R3,NC,no_connect,6
R4,CS_b,input,3
R5,VDD2,power_in,4
R8,VDD2,power_in,4
R9,CA2_b,input,3
R10,CA3_b,input,3
R11,CA4_b,input,3
R12,VDD2,power_in,4
T1,VSS,power_in,5
T2,ODT_CA_b,input,3
T3,VSS,power_in,5
T4,VDD1,power_in,4
T5,VSS,power_in,5
T8,VSS,power_in,5
T9,VDD1,power_in,4
T10,VSS,power_in,5
T11,RESET_N,input,3
T12,VSS,power_in,5
U1,VDD1,power_in,4
U2,DQ3_b,bidirectional,2
U3,VDDQ,power_in,4
U4,DQ4_b,bidirectional,2
U5,VDD2,power_in,4
U8,VDD2,power_in,4
U9,DQ12_b,bidirectional,2
U10,VDDQ,power_in,4
U11,DQ11_b,bidirectional,2
U12,VDD1,power_in,4
V1,VSS,power_in,5
V2,DQ2_b,bidirectional,2
V3,DQS_N0_b,bidirectional,2
V4,DQ5_b,bidirectional,2
V5,VSS,power_in,5
V8,VSS,power_in,5
V9,DQ13_b,bidirectional,2
V10,DQS_N1_b,bidirectional,2
V11,DQ10_b,bidirectional,2
V12,VSS,power_in,5
W1,VDDQ,power_in,4
W2,VSS,power_in,5
W3,DQS_P0_b,bidirectional,2
W4,VSS,power_in,5
W5,VDDQ,power_in,4
W8,VDDQ,power_in,4
W9,VSS,power_in,5
W10,DQS_P1_b,bidirectional,2
W11,VSS,power_in,5
W12,VDDQ,power_in,4
Y1,VSS,power_in,5
Y2,DQ1_b,bidirectional,2
Y3,DMI0_b,bidirectional,2
Y4,DQ6_b,bidirectional,2
Y5,VSS,power_in,5
Y8,VSS,power_in,5
Y9,DQ14_b,bidirectional,2
Y10,DMI1_b,bidirectional,2
Y11,DQ9_b,bidirectional,2
Y12,VSS,power_in,5
AA1,DNU,no_connect,6
AA2,DQ0_b,bidirectional,2
AA3,VDDQ,power_in,4
AA4,DQ7_b,bidirectional,2
AA5,VDDQ,power_in,4
AA8,VDDQ,power_in,4
AA9,DQ15_b,bidirectional,2
AA10,VDDQ,power_in,4
AA11,DQ8_b,bidirectional,2
AA12,DNU,no_connect,6
AB1,DNU,no_connect,6
AB2,DNU,no_connect,6
AB3,VSS,power_in,5
AB4,VDD2,power_in,4
AB5,VSS,power_in,5
AB8,VSS,power_in,5
AB9,VDD2,power_in,4
AB10,VSS,power_in,5
AB11,DNU,no_connect,6
AB12,DNU,no_connect,6
