﻿Designator,Quantity,Value,Footprint,Package,MPN,DNP,Mount_Type,Description
"C1, C2",2,1uF,C_0805_2012Metric,,,,smt,Unpolarized capacitor
"C3, C4, C5",3,100nF,C_0805_2012Metric,,,,smt,Unpolarized capacitor
"FB1, FB2",2,BLM21RK102SN1D,L_0805_2012Metric,,,,smt,Ferrite bead
"J1, J2",2,Conn_Coaxial,TE_5415218-5,,,,tht,"coaxial connector (BNC, SMA, SMB, SMC, Cinch/RCA, LEMO, ...)"
J3,1,DE9_Pins_MountingHoles,DSUB-9_Socket_Horizontal_P2.77x2.84mm_EdgePinOffset4.94mm_Housed_MountingHolesOffset4.94mm,,,,tht,"9-pin D-SUB connector, pins (male), Mounting Hole"
J4,1,Conn_01x08_Pin,PinHeader_1x08_P2.54mm_Horizontal,,,,tht,"Generic connector, single row, 01x08, script generated"
J5,1,Conn_01x10_Pin,PinHeader_1x10_P2.54mm_Horizontal,,,,tht,"Generic connector, single row, 01x10, script generated"
"R1, R10, R12, R5",4,100K,R_0805_2012Metric,,,,smt,Resistor
"R11, R9",2,1.1M,R_0805_2012Metric,,,,smt,Resistor
R13,1,120R,R_0805_2012Metric,,,,smt,Resistor
"R2, R3, R6, R7",4,1.8M,R_0805_2012Metric,,,,smt,Resistor
"R4, R8",2,5R,R_0805_2012Metric,,,,smt,Resistor
"SW1, SW2",2,SW_Push_DPDT,SW_SLW-913535-2A-SMT,,,,smt,"Momentary Switch, dual pole double throw"
U1,1,MCP6022,SOIC127P599X175-8N,,,,smt,"Dual Operational Amplifiers, Rail-to-Rail Input/Output, DIP-8/SOIC-8/TSSOP-8"
U2,1,TJA1051T-3,SOIC-8_3.9x4.9mm_P1.27mm,,,,smt,"High-Speed CAN Transceiver, separate VIO, silent mode, SOIC-8"
