﻿pos_x,pos_y,rotation,side,designator,mpn,pack,footprint,value,mount_type
55.5775,-136.5,180.0,top,C1,,,C_0805_2012Metric,1uF,smt
84.22,-136.5,180.0,top,C2,,,C_0805_2012Metric,1uF,smt
69.765,-135.28,0.0,top,C3,,,C_0805_2012Metric,100nF,smt
96.605,-144.1775,180.0,top,C4,,,C_0805_2012Metric,100nF,smt
100.215,-144.195,180.0,top,C5,,,C_0805_2012Metric,100nF,smt
52.13,-132.47,0.0,top,FB1,,,L_0805_2012Metric,BLM21RK102SN1D,smt
80.8,-132.47,0.0,top,FB2,,,L_0805_2012Metric,BLM21RK102SN1D,smt
51.18,-123.21,180.0,top,J1,,,TE_5415218-5,Conn_Coaxial,tht
79.8,-123.21,180.0,top,J2,,,TE_5415218-5,Conn_Coaxial,tht
104.91,-134.06,180.0,top,J3,,,DSUB-9_Socket_Horizontal_P2.77x2.84mm_EdgePinOffset4.94mm_Housed_MountingHolesOffset4.94mm,DE9_Pins_MountingHoles,tht
68.42,-155.21,-90.0,top,J4,,,PinHeader_1x08_P2.54mm_Horizontal,Conn_01x08_Pin,tht
98.9,-155.21,-90.0,top,J5,,,PinHeader_1x10_P2.54mm_Horizontal,Conn_01x10_Pin,tht
55.565,-134.4,180.0,top,R1,,,R_0805_2012Metric,100K,smt
52.065,-136.475,0.0,top,R10,,,R_0805_2012Metric,100K,smt
80.7325,-134.4,180.0,top,R11,,,R_0805_2012Metric,1.1M,smt
80.7325,-136.475,0.0,top,R12,,,R_0805_2012Metric,100K,smt
103.525,-140.285,90.0,top,R13,,,R_0805_2012Metric,120R,smt
45.37,-145.85,-90.0,top,R2,,,R_0805_2012Metric,1.8M,smt
47.42,-145.8425,90.0,top,R3,,,R_0805_2012Metric,1.8M,smt
65.74,-143.205,180.0,top,R4,,,R_0805_2012Metric,5R,smt
84.2075,-134.4,180.0,top,R5,,,R_0805_2012Metric,100K,smt
73.82,-145.84,-90.0,top,R6,,,R_0805_2012Metric,1.8M,smt
75.845,-145.8225,90.0,top,R7,,,R_0805_2012Metric,1.8M,smt
69.8275,-143.23,180.0,top,R8,,,R_0805_2012Metric,5R,smt
52.065,-134.4,180.0,top,R9,,,R_0805_2012Metric,1.1M,smt
53.68,-143.4725,180.0,top,SW1,,,SW_SLW-913535-2A-SMT,SW_Push_DPDT,smt
82.55,-143.4725,180.0,top,SW2,,,SW_SLW-913535-2A-SMT,SW_Push_DPDT,smt
67.7725,-139.2,0.0,top,U1,,,SOIC127P599X175-8N,MCP6022,smt
98.69,-140.29,0.0,top,U2,,,SOIC-8_3.9x4.9mm_P1.27mm,TJA1051T-3,smt
